id,tournament_id,match_date,team1,team2,location,match_name,status,match_time,type_match,created_at,updated_at,completed_and_captured,currently_live,sportsmonk_id,tournament_league_id,tournament_stage_id,tournament_season_id,match_note,points_status,leaderboard_processed
5e3ae9ac-7580-4c21-9451-aaf5f19f8cd3,d9a8de82-5e7b-4ad2-a5f7-de620c79030e,2026-03-08,TBC,TBC,,TBC vs TBC,Scheduled,2026-03-08 13:30:00+00,T20I,2026-02-01 04:25:15.436+00,2026-02-01 04:25:15.436+00,false,false,68562,17,6442,1770,,pending,false
b4d26f20-f3e5-430f-8d3c-14d4159128af,d9a8de82-5e7b-4ad2-a5f7-de620c79030e,2026-03-05,TBC,TBC,,TBC vs TBC,Scheduled,2026-03-05 13:30:00+00,T20I,2026-02-01 04:25:15.263+00,2026-02-01 04:25:15.263+00,false,false,68561,17,6442,1770,,pending,false
12422b04-448b-4332-8c86-31855e604ae6,d9a8de82-5e7b-4ad2-a5f7-de620c79030e,2026-03-04,TBC,TBC,,TBC vs TBC,Scheduled,2026-03-04 13:30:00+00,T20I,2026-02-01 04:25:15.091+00,2026-02-01 04:25:15.091+00,false,false,68560,17,6442,1770,,pending,false
8208a602-420b-410c-907a-1ba8126cdd02,d9a8de82-5e7b-4ad2-a5f7-de620c79030e,2026-03-01,TBC,TBC,,TBC vs TBC,Scheduled,2026-03-01 13:30:00+00,T20I,2026-02-01 04:25:14.916+00,2026-02-01 04:25:14.916+00,false,false,68559,17,6442,1770,,pending,false
984a151a-135c-47aa-8fad-0396f4a68372,d9a8de82-5e7b-4ad2-a5f7-de620c79030e,2026-03-01,TBC,TBC,,TBC vs TBC,Scheduled,2026-03-01 09:30:00+00,T20I,2026-02-01 04:25:14.744+00,2026-02-01 04:25:14.744+00,false,false,68558,17,6442,1770,,pending,false
0d7ba775-cf1f-43ab-866a-9140864b73d6,d9a8de82-5e7b-4ad2-a5f7-de620c79030e,2026-02-28,TBC,TBC,,TBC vs TBC,Scheduled,2026-02-28 13:30:00+00,T20I,2026-02-01 04:25:14.566+00,2026-02-01 04:25:14.566+00,false,false,68557,17,6442,1770,,pending,false
4cf70124-445b-47ab-a81e-5943401641f9,d9a8de82-5e7b-4ad2-a5f7-de620c79030e,2026-02-27,TBC,TBC,,TBC vs TBC,Scheduled,2026-02-27 13:30:00+00,T20I,2026-02-01 04:25:14.391+00,2026-02-01 04:25:14.391+00,false,false,68556,17,6442,1770,,pending,false
69c9c0ab-d959-430f-bc65-9ec60b72d7ee,d9a8de82-5e7b-4ad2-a5f7-de620c79030e,2026-02-26,TBC,TBC,,TBC vs TBC,Scheduled,2026-02-26 13:30:00+00,T20I,2026-02-01 04:25:14.219+00,2026-02-01 04:25:14.219+00,false,false,68555,17,6442,1770,,pending,false
84ac016c-b3d4-47bc-8b1b-e76859a6a139,d9a8de82-5e7b-4ad2-a5f7-de620c79030e,2026-02-26,TBC,TBC,,TBC vs TBC,Scheduled,2026-02-26 09:30:00+00,T20I,2026-02-01 04:25:14.044+00,2026-02-01 04:25:14.044+00,false,false,68554,17,6442,1770,,pending,false
45f8f6a5-ad91-4231-9cdf-a41f3995ba13,d9a8de82-5e7b-4ad2-a5f7-de620c79030e,2026-02-25,TBC,TBC,,TBC vs TBC,Scheduled,2026-02-25 13:30:00+00,T20I,2026-02-01 04:25:13.869+00,2026-02-01 04:25:13.869+00,false,false,68553,17,6442,1770,,pending,false
b30c7b93-eea1-4a87-85de-87db18ad8f59,d9a8de82-5e7b-4ad2-a5f7-de620c79030e,2026-02-24,TBC,TBC,,TBC vs TBC,Scheduled,2026-02-24 13:30:00+00,T20I,2026-02-01 04:25:13.697+00,2026-02-01 04:25:13.697+00,false,false,68552,17,6442,1770,,pending,false
be873ac8-7c3c-47d3-9452-04d9b38b78c3,d9a8de82-5e7b-4ad2-a5f7-de620c79030e,2026-02-23,TBC,TBC,,TBC vs TBC,Scheduled,2026-02-23 13:30:00+00,T20I,2026-02-01 04:25:13.51+00,2026-02-01 04:25:13.51+00,false,false,68551,17,6442,1770,,pending,false
48c3e8a3-8a4e-4566-8aad-413c3011cae2,d9a8de82-5e7b-4ad2-a5f7-de620c79030e,2026-02-22,TBC,TBC,Narendra Modi Stadium,TBC vs TBC,Scheduled,2026-02-22 13:30:00+00,T20I,2026-02-01 04:25:13.331+00,2026-02-01 04:25:13.331+00,false,false,68550,17,6442,1770,,pending,false
811e37b0-90a6-497e-bd26-bebefc8f4bca,d9a8de82-5e7b-4ad2-a5f7-de620c79030e,2026-02-22,TBC,TBC,Pallekele International Cricket Stadium,TBC vs TBC,Scheduled,2026-02-22 09:30:00+00,T20I,2026-02-01 04:25:13.153+00,2026-02-01 04:25:13.153+00,false,false,68549,17,6442,1770,,pending,false
1854ca41-6bff-4e81-b6e0-b7643d41c94b,d9a8de82-5e7b-4ad2-a5f7-de620c79030e,2026-02-21,TBC,TBC,R.Premadasa Stadium,TBC vs TBC,Scheduled,2026-02-21 13:30:00+00,T20I,2026-02-01 04:25:12.975+00,2026-02-01 04:25:12.975+00,false,false,68548,17,6442,1770,,pending,false
79aa69bc-91a2-45f2-a225-076340284733,d9a8de82-5e7b-4ad2-a5f7-de620c79030e,2026-02-20,Australia,Oman,Pallekele International Cricket Stadium,Australia vs Oman,Scheduled,2026-02-20 13:30:00+00,T20I,2026-02-01 04:25:12.8+00,2026-02-01 04:25:12.8+00,false,false,68547,17,6442,1770,,pending,false
12bb099f-cb2c-4442-8238-5c525511e57c,d9a8de82-5e7b-4ad2-a5f7-de620c79030e,2026-02-19,Afghanistan,Canada,MA Chidambaram Stadium,Afghanistan vs Canada,Scheduled,2026-02-19 13:30:00+00,T20I,2026-02-01 04:25:12.62+00,2026-02-01 04:25:12.62+00,false,false,68546,17,6442,1770,,pending,false
385b9d2f-0939-4c74-94b3-bc71a23bc632,d9a8de82-5e7b-4ad2-a5f7-de620c79030e,2026-02-19,Sri Lanka,Zimbabwe,R.Premadasa Stadium,Sri Lanka vs Zimbabwe,Scheduled,2026-02-19 09:30:00+00,T20I,2026-02-01 04:25:12.447+00,2026-02-01 04:25:12.447+00,false,false,68545,17,6442,1770,,pending,false
5db21d89-44e0-4ce7-b2db-71694044900f,d9a8de82-5e7b-4ad2-a5f7-de620c79030e,2026-02-19,Italy,West Indies,Eden Gardens,Italy vs West Indies,Scheduled,2026-02-19 05:30:00+00,T20I,2026-02-01 04:25:12.273+00,2026-02-01 04:25:12.273+00,false,false,68544,17,6442,1770,,pending,false
50e4592e-be02-4d7f-8e4b-3cdf2069d62a,d9a8de82-5e7b-4ad2-a5f7-de620c79030e,2026-02-18,India,Netherlands,Narendra Modi Stadium,India vs Netherlands,Scheduled,2026-02-18 13:30:00+00,T20I,2026-02-01 04:25:12.081+00,2026-02-01 04:25:12.081+00,false,false,68543,17,6442,1770,,pending,false
e0282977-bcce-4fb7-a5b1-3c01dcad81f1,d9a8de82-5e7b-4ad2-a5f7-de620c79030e,2026-02-18,Namibia,Pakistan,Sinhalese Sports Club,Namibia vs Pakistan,Scheduled,2026-02-18 09:30:00+00,T20I,2026-02-01 04:25:11.906+00,2026-02-01 04:25:11.906+00,false,false,68542,17,6442,1770,,pending,false
e7810e59-b9ed-4277-9886-aa4d9a7083b2,d9a8de82-5e7b-4ad2-a5f7-de620c79030e,2026-02-18,South Africa,United Arab Emirates,Arun Jaitley Stadium,South Africa vs United Arab Emirates,Scheduled,2026-02-18 05:30:00+00,T20I,2026-02-01 04:25:11.717+00,2026-02-01 04:25:11.717+00,false,false,68541,17,6442,1770,,pending,false
57741ead-3418-402b-bdfc-b060e1c3fbda,d9a8de82-5e7b-4ad2-a5f7-de620c79030e,2026-02-17,Scotland,Nepal,Wankhede Stadium,Scotland vs Nepal,Scheduled,2026-02-17 13:30:00+00,T20I,2026-02-01 04:25:11.54+00,2026-02-01 04:25:11.54+00,false,false,68540,17,6442,1770,,pending,false
41d69922-74c5-4813-954e-bbbe71d226f4,d9a8de82-5e7b-4ad2-a5f7-de620c79030e,2026-02-17,Ireland,Zimbabwe,Pallekele International Cricket Stadium,Ireland vs Zimbabwe,Scheduled,2026-02-17 09:30:00+00,T20I,2026-02-01 04:25:11.366+00,2026-02-01 04:25:11.366+00,false,false,68539,17,6442,1770,,pending,false
dc6b10c7-b810-45d5-9b21-a8d150d8684f,d9a8de82-5e7b-4ad2-a5f7-de620c79030e,2026-02-17,Canada,New Zealand,MA Chidambaram Stadium,Canada vs New Zealand,Scheduled,2026-02-17 05:30:00+00,T20I,2026-02-01 04:25:11.183+00,2026-02-01 04:25:11.183+00,false,false,68538,17,6442,1770,,pending,false
cb71bb8d-468d-487c-abdc-8954da3feb27,d9a8de82-5e7b-4ad2-a5f7-de620c79030e,2026-02-16,Australia,Sri Lanka,Pallekele International Cricket Stadium,Australia vs Sri Lanka,Scheduled,2026-02-16 13:30:00+00,T20I,2026-02-01 04:25:11.006+00,2026-02-01 04:25:11.006+00,false,false,68537,17,6442,1770,,pending,false
62e5deeb-69f9-49f8-bb1c-36706e2fbf41,d9a8de82-5e7b-4ad2-a5f7-de620c79030e,2026-02-16,England,Italy,Eden Gardens,England vs Italy,Scheduled,2026-02-16 09:30:00+00,T20I,2026-02-01 04:25:10.83+00,2026-02-01 04:25:10.83+00,false,false,68536,17,6442,1770,,pending,false
ac233585-9e2e-4f3a-a2e3-cc32337d6b23,d9a8de82-5e7b-4ad2-a5f7-de620c79030e,2026-02-16,Afghanistan,United Arab Emirates,Arun Jaitley Stadium,Afghanistan vs United Arab Emirates,Scheduled,2026-02-16 05:30:00+00,T20I,2026-02-01 04:25:10.659+00,2026-02-01 04:25:10.659+00,false,false,68535,17,6442,1770,,pending,false
318f6406-9c68-4f08-bdd5-4b3ccd2b4c24,d9a8de82-5e7b-4ad2-a5f7-de620c79030e,2026-02-15,India,Pakistan,R.Premadasa Stadium,India vs Pakistan,Scheduled,2026-02-15 13:30:00+00,T20I,2026-02-01 04:25:05.194+00,2026-02-01 04:25:05.194+00,false,false,68508,17,6442,1770,,pending,false
06ea68f4-55a6-4843-9a75-28ad6c76838b,d9a8de82-5e7b-4ad2-a5f7-de620c79030e,2026-02-15,Namibia,United States of America,MA Chidambaram Stadium,Namibia vs United States of America,Scheduled,2026-02-15 09:30:00+00,T20I,2026-02-01 04:25:10.484+00,2026-02-01 04:25:10.484+00,false,false,68534,17,6442,1770,,pending,false
fcd8976a-7dc2-417f-8b39-a9025251879a,d9a8de82-5e7b-4ad2-a5f7-de620c79030e,2026-02-15,Nepal,West Indies,Wankhede Stadium,Nepal vs West Indies,Scheduled,2026-02-15 05:30:00+00,T20I,2026-02-01 04:25:10.301+00,2026-02-01 04:25:10.301+00,false,false,68533,17,6442,1770,,pending,false
f7e0dae5-3e01-43a1-97e4-dd0ae55b4f97,d9a8de82-5e7b-4ad2-a5f7-de620c79030e,2026-02-14,New Zealand,South Africa,Narendra Modi Stadium,New Zealand vs South Africa,Scheduled,2026-02-14 13:30:00+00,T20I,2026-02-01 04:25:10.126+00,2026-02-01 04:25:10.126+00,false,false,68532,17,6442,1770,,pending,false
a8f75727-1a2f-4a0a-881f-7b446125c3d6,d9a8de82-5e7b-4ad2-a5f7-de620c79030e,2026-02-14,Scotland,England,Eden Gardens,Scotland vs England,Scheduled,2026-02-14 09:30:00+00,T20I,2026-02-01 04:25:09.942+00,2026-02-01 04:25:09.942+00,false,false,68531,17,6442,1770,,pending,false
5a7457e8-3e18-45ba-87c8-effbce0a5c7b,d9a8de82-5e7b-4ad2-a5f7-de620c79030e,2026-02-14,Ireland,Oman,Sinhalese Sports Club,Ireland vs Oman,Scheduled,2026-02-14 05:30:00+00,T20I,2026-02-01 04:25:09.767+00,2026-02-01 04:25:09.767+00,false,false,68530,17,6442,1770,,pending,false
b37ff16d-0896-486e-8e5f-226c9c6ba40e,d9a8de82-5e7b-4ad2-a5f7-de620c79030e,2026-02-13,Netherlands,United States of America,MA Chidambaram Stadium,Netherlands vs United States of America,Scheduled,2026-02-13 13:30:00+00,T20I,2026-02-01 04:25:09.58+00,2026-02-01 04:25:09.58+00,false,false,68529,17,6442,1770,,pending,false
7eb01e22-5431-4021-9d1e-e737470c35e6,d9a8de82-5e7b-4ad2-a5f7-de620c79030e,2026-02-13,Canada,United Arab Emirates,Arun Jaitley Stadium,Canada vs United Arab Emirates,Scheduled,2026-02-13 09:30:00+00,T20I,2026-02-01 04:25:09.398+00,2026-02-01 04:25:09.398+00,false,false,68528,17,6442,1770,,pending,false
0d4aa6b2-581e-440c-9518-b7012d0926f8,d9a8de82-5e7b-4ad2-a5f7-de620c79030e,2026-02-13,Australia,Zimbabwe,R.Premadasa Stadium,Australia vs Zimbabwe,Scheduled,2026-02-13 05:30:00+00,T20I,2026-02-01 04:25:09.224+00,2026-02-01 04:25:09.224+00,false,false,68527,17,6442,1770,,pending,false
91c6778d-82a8-4d20-b52d-e064b89115b5,d9a8de82-5e7b-4ad2-a5f7-de620c79030e,2026-02-12,India,Namibia,Arun Jaitley Stadium,India vs Namibia,Scheduled,2026-02-12 13:30:00+00,T20I,2026-02-01 04:25:09.047+00,2026-02-01 04:25:09.047+00,false,false,68526,17,6442,1770,,pending,false
dc1ac6c8-97b4-42ab-94ee-e1d9f3b55be0,d9a8de82-5e7b-4ad2-a5f7-de620c79030e,2026-02-12,Italy,Nepal,Wankhede Stadium,Italy vs Nepal,Scheduled,2026-02-12 09:30:00+00,T20I,2026-02-01 04:25:08.866+00,2026-02-01 04:25:08.866+00,false,false,68525,17,6442,1770,,pending,false
a3241f9a-7d15-47f2-a578-8f788c1dcb62,d9a8de82-5e7b-4ad2-a5f7-de620c79030e,2026-02-12,Sri Lanka,Oman,Pallekele International Cricket Stadium,Sri Lanka vs Oman,Scheduled,2026-02-12 05:30:00+00,T20I,2026-02-01 04:25:08.689+00,2026-02-01 04:25:08.689+00,false,false,68524,17,6442,1770,,pending,false
c1f872c7-4d6c-4b5f-b7ab-49de910b8fc1,d9a8de82-5e7b-4ad2-a5f7-de620c79030e,2026-02-11,England,West Indies,Wankhede Stadium,England vs West Indies,Scheduled,2026-02-11 13:30:00+00,T20I,2026-02-01 04:25:08.507+00,2026-02-01 04:25:08.507+00,false,false,68523,17,6442,1770,,pending,false
9be9d4ef-5e8f-4598-a999-e1eecdfeb2e3,d9a8de82-5e7b-4ad2-a5f7-de620c79030e,2026-02-11,Australia,Ireland,R.Premadasa Stadium,Australia vs Ireland,Scheduled,2026-02-11 09:30:00+00,T20I,2026-02-01 04:25:08.328+00,2026-02-01 04:25:08.328+00,false,false,68522,17,6442,1770,,pending,false
258350c8-a8b8-42de-9f2b-b6933dae0beb,d9a8de82-5e7b-4ad2-a5f7-de620c79030e,2026-02-11,Afghanistan,South Africa,Narendra Modi Stadium,Afghanistan vs South Africa,Scheduled,2026-02-11 05:30:00+00,T20I,2026-02-01 04:25:08.122+00,2026-02-01 04:25:08.122+00,false,false,68521,17,6442,1770,,pending,false
e423ca01-9b23-4a07-a986-27518a8064d6,d9a8de82-5e7b-4ad2-a5f7-de620c79030e,2026-02-10,Pakistan,United States of America,Sinhalese Sports Club,Pakistan vs United States of America,Scheduled,2026-02-10 13:30:00+00,T20I,2026-02-01 04:25:07.944+00,2026-02-01 04:25:07.944+00,false,false,68520,17,6442,1770,,pending,false
cd00013c-e872-4ab2-8c3b-373bff3100d0,d9a8de82-5e7b-4ad2-a5f7-de620c79030e,2026-02-10,New Zealand,United Arab Emirates,MA Chidambaram Stadium,New Zealand vs United Arab Emirates,Scheduled,2026-02-10 09:30:00+00,T20I,2026-02-01 04:25:07.765+00,2026-02-01 04:25:07.765+00,false,false,68519,17,6442,1770,,pending,false
268b74e5-18ba-4db8-9db3-1af3c073a1de,d9a8de82-5e7b-4ad2-a5f7-de620c79030e,2026-02-10,Namibia,Netherlands,Arun Jaitley Stadium,Namibia vs Netherlands,Scheduled,2026-02-10 05:30:00+00,T20I,2026-02-01 04:25:07.589+00,2026-02-01 04:25:07.589+00,false,false,68518,17,6442,1770,,pending,false
c3406ea4-8b29-4e63-a8ff-77b1fc7532cd,d9a8de82-5e7b-4ad2-a5f7-de620c79030e,2026-02-09,Canada,South Africa,Narendra Modi Stadium,Canada vs South Africa,Scheduled,2026-02-09 13:30:00+00,T20I,2026-02-01 04:25:07.407+00,2026-02-01 04:25:07.407+00,false,false,68517,17,6442,1770,,pending,false
b61fd78e-8dfc-43ce-b1ab-2b81e02a61b2,d9a8de82-5e7b-4ad2-a5f7-de620c79030e,2026-02-09,Oman,Zimbabwe,Sinhalese Sports Club,Oman vs Zimbabwe,Scheduled,2026-02-09 09:30:00+00,T20I,2026-02-01 04:25:07.106+00,2026-02-01 04:25:07.106+00,false,false,68516,17,6442,1770,,pending,false
0e3dc3c5-920d-4831-9c39-20f123b73f2b,d9a8de82-5e7b-4ad2-a5f7-de620c79030e,2026-02-09,Scotland,Italy,Eden Gardens,Scotland vs Italy,Scheduled,2026-02-09 05:30:00+00,T20I,2026-02-01 04:25:06.915+00,2026-02-01 04:25:06.915+00,false,false,68515,17,6442,1770,,pending,false
dbdd5459-dd8a-4d91-825e-b017d9be90c9,d9a8de82-5e7b-4ad2-a5f7-de620c79030e,2026-02-08,Sri Lanka,Ireland,R.Premadasa Stadium,Sri Lanka vs Ireland,Scheduled,2026-02-08 13:30:00+00,T20I,2026-02-01 04:25:06.432+00,2026-02-01 04:25:06.432+00,false,false,68514,17,6442,1770,,pending,false
e67c9e9a-d327-4015-a3d1-cb010c36aeeb,d9a8de82-5e7b-4ad2-a5f7-de620c79030e,2026-02-08,England,Nepal,Wankhede Stadium,England vs Nepal,Scheduled,2026-02-08 09:30:00+00,T20I,2026-02-01 04:25:06.25+00,2026-02-01 04:25:06.25+00,false,false,68513,17,6442,1770,,pending,false
58a29c13-d92e-4aca-a64a-47089dfc711a,d9a8de82-5e7b-4ad2-a5f7-de620c79030e,2026-02-08,Afghanistan,New Zealand,MA Chidambaram Stadium,Afghanistan vs New Zealand,Scheduled,2026-02-08 05:30:00+00,T20I,2026-02-01 04:25:06.057+00,2026-02-01 04:25:06.057+00,false,false,68512,17,6442,1770,,pending,false
c2aee985-996b-4ec6-88ee-e213eb4c8255,d9a8de82-5e7b-4ad2-a5f7-de620c79030e,2026-02-07,India,United States of America,Wankhede Stadium,India vs United States of America,Scheduled,2026-02-07 13:30:00+00,T20I,2026-02-01 04:25:05.88+00,2026-02-01 04:25:05.88+00,false,false,68511,17,6442,1770,,pending,false
e9dfc3de-68cd-47b8-b085-78333d1ed505,d9a8de82-5e7b-4ad2-a5f7-de620c79030e,2026-02-07,Scotland,West Indies,Eden Gardens,Scotland vs West Indies,Scheduled,2026-02-07 09:30:00+00,T20I,2026-02-01 04:25:05.697+00,2026-02-01 04:25:05.697+00,false,false,68510,17,6442,1770,,pending,false
d1f06f65-859d-46db-81da-ffe34d824922,d9a8de82-5e7b-4ad2-a5f7-de620c79030e,2026-02-07,Netherlands,Pakistan,Sinhalese Sports Club,Netherlands vs Pakistan,Scheduled,2026-02-07 05:30:00+00,T20I,2026-02-01 04:25:05.493+00,2026-02-01 04:25:05.493+00,false,false,68509,17,6442,1770,,pending,false